{"cached_at": 1773066517.068341, "value": {"dxy_proxy": 22.692194168148003, "signal": -1.0, "source": "floatrates"}}