{"cached_at": 1773066520.9429238, "value": {"details": {"BTC": {"basis_pct": -0.0629, "funding_rate": -2.24243047e-10, "vol_24h": 1303490.0, "open_interest": 5064236.0, "squeeze_signal": -0.315}, "LINK": {"basis_pct": -0.2237, "funding_rate": -0.000280174829093354, "vol_24h": 0.0, "open_interest": 0.0, "squeeze_signal": -1.0}, "DOGE": {"basis_pct": -1.0, "funding_rate": 0.027197563098346388, "vol_24h": 0.0, "open_interest": 0.0, "squeeze_signal": -1.0}, "SOL": {"basis_pct": -0.0231, "funding_rate": -2.9363401456425e-05, "vol_24h": 0.0, "open_interest": 0.0, "squeeze_signal": -0.116}, "ETH": {"basis_pct": 0.0507, "funding_rate": 8.341536948e-09, "vol_24h": 712933.0, "open_interest": 2897693.0, "squeeze_signal": 0.253}, "ADA": {"basis_pct": -0.3105, "funding_rate": 0.009669085227184826, "vol_24h": 0.0, "open_interest": 0.0, "squeeze_signal": -1.0}}, "avg_squeeze": -0.5295, "signal": -0.5294569299853723, "coins_tracked": 6, "source": "kraken_futures"}}