{"cached_at": 1773066519.6969936, "value": {"spreads": {"BTC": {"mark": 69088.5724620872, "index": 69132.16, "basis_pct": -0.06304958200755974}, "SOL": {"mark": 85.000343376, "index": 85.02, "basis_pct": -0.023119999999991134}, "ETH": {"mark": 2020.12230658657, "index": 2019.11, "basis_pct": 0.05013627719985777}}, "avg_bias": -0.012011101602564368, "signal": 0.24022203205128737, "source": "kraken"}}