{"cached_at": 1772045968.158718, "value": {"dxy_proxy": 22.375934164818016, "signal": -1.0, "source": "floatrates"}}