{"cached_at": 1772045971.270459, "value": {"spreads": {"BTC": {"mark": 69337.3948479578, "index": 69360.29, "basis_pct": -0.03300902006349437}, "SOL": {"mark": 88.949430136, "index": 88.97, "basis_pct": -0.023119999999994565}, "ETH": {"mark": 2084.68977240587, "index": 2075.04, "basis_pct": 0.46504030793960377}}, "avg_bias": 0.1363037626253716, "signal": -1.0, "source": "kraken"}}