{"cached_at": 1772045967.591289, "value": {"oi": {"BTC": {"open_interest": 5124621.0, "mark_price": 69344.79784228734}, "LINK": {"open_interest": 0, "mark_price": 9.4178896765}, "DOGE": {"open_interest": 0, "mark_price": 0.1026036}, "SOL": {"open_interest": 0, "mark_price": 88.959427824}, "ETH": {"open_interest": 3111023.0, "mark_price": 2084.67977240587}, "ADA": {"open_interest": 0, "mark_price": 0.29817715623}}, "source": "kraken"}}