{"cached_at": 1773066516.3726342, "value": {"oi": {"BTC": {"open_interest": 5064236.0, "mark_price": 69118.10311320842}, "LINK": {"open_interest": 0, "mark_price": 8.8890750215}, "DOGE": {"open_interest": 0, "mark_price": 0.09067311}, "SOL": {"open_interest": 0, "mark_price": 85.040334128}, "ETH": {"open_interest": 2897693.0, "mark_price": 2021.0514599008}, "ADA": {"open_interest": 0, "mark_price": 0.25774111746}}, "source": "kraken"}}