{"cached_at": 1773066520.318908, "value": {"whale_count": 2, "total_whale_btc": 890.1, "large_outflows": 1, "large_inflows": 0, "flow_signal": 0.6666666666666666, "intensity": 0.13333333333333333, "signal": 0.6666666666666666, "source": "blockchain.info"}}