{"cached_at": 1773066518.3479621, "value": {"unconfirmed_txs": 1957, "hashrate": 973361495376.0, "congestion_normalized": 0.03914, "source": "blockchain.info"}}