{"cached_at": 1773066519.1827326, "value": {"changes_24h": {"BTC": 2.81044, "ETH": 3.75435, "XRP": 1.35955, "SOL": 3.57367, "DOGE": 3.02437, "ADA": 2.74899, "LINK": 3.9194, "LTC": 1.96467, "AVAX": 4.46997}, "avg_change_24h": 3.06949, "signal": 0.613898, "source": "coingecko"}}