{"cached_at": 1772045970.7356987, "value": {"changes_24h": {"BTC": 7.64739, "ETH": 11.81991, "XRP": 8.1923, "SOL": 13.72165, "DOGE": 12.63785, "ADA": 14.38405, "LINK": 14.39174, "LTC": 12.95733, "AVAX": 15.97827}, "avg_change_24h": 12.41449888888889, "signal": 1.0, "source": "coingecko"}}