{"cached_at": 1772045969.9161255, "value": {"unconfirmed_txs": 1592, "hashrate": 1098246771454.0, "congestion_normalized": 0.03184, "source": "blockchain.info"}}